{"parameters": {"dataset_name": "synth_dataset_v2.json", "model_name": "PresidioAnalyzerWrapper", "labeling_scheme": "BIO", "entities_to_keep": null}, "metrics": {"pii_f": 0.6709557138054342, "ORGANIZATION_precision": 0.581081081081081, "EMAIL_ADDRESS_precision": 1.0, "IP_ADDRESS_precision": 1.0, "PERSON_precision": 0.7634408602150538, "LOCATION_precision": 0.9356060606060606, "IBAN_CODE_precision": 1.0, "URL_precision": 1.0, "CREDIT_CARD_precision": 1.0, "US_SSN_precision": NaN, "PHONE_NUMBER_precision": 0.4714285714285714, "US_DRIVER_LICENSE_precision": NaN, "DATE_TIME_precision": 0.8888888888888888, "ORGANIZATION_recall": 0.4777777777777778, "EMAIL_ADDRESS_recall": 1.0, "IP_ADDRESS_recall": 1.0, "PERSON_recall": 0.7473684210526316, "LOCATION_recall": 0.3782542113323124, "IBAN_CODE_recall": 0.75, "URL_recall": 1.0, "CREDIT_CARD_recall": 0.6956521739130435, "US_SSN_recall": 0.0, "PHONE_NUMBER_recall": 0.673469387755102, "US_DRIVER_LICENSE_recall": 0.0, "DATE_TIME_recall": 0.6486486486486487, "ORGANIZATION": 90, "EMAIL_ADDRESS": 8, "IP_ADDRESS": 1, "PERSON": 285, "LOCATION": 653, "IBAN_CODE": 4, "URL": 10, "CREDIT_CARD": 23, "US_SSN": 12, "PHONE_NUMBER": 49, "US_DRIVER_LICENSE": 3, "DATE_TIME": 37}, "dataset_info": null, "confusion_matrix": [[16, 0, 0, 0, 0, 0, 1, 0, 0, 0, 0, 0, 0], [0, 24, 0, 0, 0, 0, 13, 0, 0, 0, 0, 0, 0], [0, 0, 8, 0, 0, 0, 0, 0, 0, 0, 0, 0, 0], [0, 0, 0, 3, 0, 0, 0, 0, 0, 0, 0, 0, 0], [0, 0, 0, 0, 1, 0, 0, 0, 0, 0, 0, 0, 0], [0, 0, 0, 0, 0, 247, 296, 23, 32, 23, 0, 0, 0], [0, 3, 0, 0, 0, 16, 3056, 7, 17, 10, 0, 0, 0], [0, 0, 0, 0, 0, 1, 29, 43, 17, 0, 0, 0, 0], [0, 0, 0, 0, 0, 0, 67, 1, 213, 4, 0, 0, 0], [0, 0, 0, 0, 0, 0, 12, 0, 0, 33, 0, 0, 0], [0, 0, 0, 0, 0, 0, 0, 0, 0, 0, 10, 0, 0], [0, 0, 0, 0, 0, 0, 0, 0, 0, 0, 0, 0, 0], [0, 0, 0, 0, 0, 0, 0, 0, 0, 0, 0, 0, 0]], "labels": ["CREDIT_CARD", "DATE_TIME", "EMAIL_ADDRESS", "IBAN_CODE", "IP_ADDRESS", "LOCATION", "O", "ORGANIZATION", "PERSON", "PHONE_NUMBER", "URL", "US_DRIVER_LICENSE", "US_SSN"]}